{
  "$schema": "https://json-schema.org/draft/2020-12/schema",
  "title": "Credit Snapshot",
  "type": "object",
  "properties": {
    "provider": {
      "type": "string"
    },
    "provider_user_id": {
      "type": "string"
    },
    "pulled_at": {
      "type": "string",
      "format": "date-time"
    },
    "score": {
      "type": "integer",
      "minimum": 0
    },
    "score_model": {
      "type": "string",
      "description": "e.g., VantageScore 3.0, FICO 8"
    },
    "identity": {
      "type": "object",
      "properties": {
        "full_name": {
          "type": "string"
        },
        "last4_ssn": {
          "type": "string"
        },
        "dob": {
          "type": "string"
        },
        "address": {
          "type": "string"
        }
      },
      "additionalProperties": true
    },
    "accounts": {
      "type": "array",
      "items": {
        "type": "object",
        "properties": {
          "type": {
            "type": "string",
            "description": "credit_card, auto_loan, mortgage, etc."
          },
          "open_date": {
            "type": "string"
          },
          "credit_limit": {
            "type": "number"
          },
          "balance": {
            "type": "number"
          },
          "status": {
            "type": "string"
          },
          "utilization_pct": {
            "type": "number"
          },
          "issuer": {
            "type": "string"
          },
          "last_payment_date": {
            "type": "string"
          },
          "delinquency": {
            "type": "string"
          }
        },
        "additionalProperties": true
      }
    },
    "inquiries": {
      "type": "array",
      "items": {
        "type": "object",
        "properties": {
          "bureau": {
            "type": "string"
          },
          "date": {
            "type": "string"
          },
          "subscriber": {
            "type": "string"
          },
          "type": {
            "type": "string"
          }
        },
        "additionalProperties": true
      }
    },
    "public_records": {
      "type": "array",
      "items": {
        "type": "object"
      }
    },
    "raw_snapshot": {
      "type": "object",
      "description": "Minimal raw fields captured directly from provider pages/API",
      "additionalProperties": true
    }
  },
  "required": [
    "provider",
    "pulled_at",
    "score"
  ],
  "additionalProperties": true
}